{"__Version":"0.1","App":"3be4edc9-a478-439d-81cb-ff19e3d717b3","Test_7F478737223C4B69":"f803e9f8-3efb-47f1-828e-cecacfe1ff66","Host":"0d73ccde-5fbb-424e-b9a7-902e4b5abb27","FormInstrutores":"794b4275-f79d-4b5b-99dd-f85c47454a86","lblTituloPrincipal":"ee2a41bf-888f-49e1-b1c0-b415b869b62c","lblCampoNome":"0fe79b05-e72f-444e-9f9d-baa8ac98b032","lblCampoNivel":"af2c05c3-8a11-48c9-a9f1-c3157e988973","lblBotaoAdd":"c3d5aefa-0aac-41d5-9a68-37db4a3c8048","btnAdicionarInstrutor":"9ba2796b-ae49-4fd7-ac88-3608482bfc22","galInstrutores":"9354fd22-dfc9-43b8-95ce-7c77e9e10f09","galleryTemplate2":"60ffb6fb-315f-4167-8a7d-f79b4baad023","Rectangle9":"010b2846-f607-4136-95f2-56c503bc05e4","CampoNivel":"b3033f3a-a192-452f-b52b-eb4f2c85446c","btnExcluirInstrutor":"4eafd188-52a4-4d1b-9fb6-f9f4a31dd07a","CampoNome":"145a27b9-0a21-4feb-a427-755a1280bcac","Rectangle1":"d9351728-d613-41a2-9fb3-3c3c74d83b24","Separator7":"b02025dc-7b04-41a3-94ce-78a4c585946a","FormInstrutoresAdd":"b4c3c4a6-57db-4e6b-b088-1f5bf7b270b5","lblTituloPrincipalAdd":"4b2bb5e8-a9df-45ed-8ff2-35c1eed8751d","cmbInstrutores":"8ae444e5-6a54-47c0-aba3-ea7dc04c6d5f","lblCampoNivelInstrutor":"bef8379a-c331-476c-989f-6c38670f83aa","btnCancelarAdd":"e1b3be89-5ad5-4c0b-9445-c8b3230179e3","btnsalvarInstrutorXCurso":"e891d7de-cf86-45bc-a4f7-05f8bf1adbda","FormInstrutoresExclusao":"231d13ee-a3d4-4d42-97cc-f9d24f271c6a","lblTituloPrincipalExclusao":"3a05180b-cf84-477e-ac1b-734535779372","lblInformacao":"639d427a-de25-49bd-aad6-03fa16a386ea","lblInstrutorAExcluir":"f584f0be-4384-4750-a5c1-695aff70832c","lblNivel":"44bc9ae9-c898-47af-acbb-f8e5adbf9bfd","btnCancelarExclusao":"8993e50f-7fca-447c-b9c5-5f9770dbff13","btnExcluirInstrutorXCurso":"f20167be-b3b5-4f2e-a56d-6b03f8f8d998","ModelDrivenFormIntegration":"9bbda891-d69a-4e72-a759-c1c11bfa3d7c"}